Workbook

Sheet 表紙
B4: 関係者外秘
B10: LMS学習管理システム
B11: 結合テスト仕様書
B21: 更新履歴
B22: 年月日 | C22: 担当者 | D22: 内容
B23: 45709 | C23: 堀井 | D23: 新規作成
B31: Copyright © 2025 株式会社システムシェアード. All rights reserved.

Sheet ケース一覧
B2: テストケース一覧
BC3: ※テストケースは正常系と準正常系に限り行う。
B4: ケースNo | E4: 機能名 | L4: ケース名 | Y4: 概要 | BF4: 難易度
B5: 1 | E5: ログイン機能① | L5: ログイン画面への遷移 | Y5: ・トップページにアクセスし、ログイン画面が表示される。 | BF5: C
B6: 2 | E6: ログイン機能① | L6: 受講生 ログイン 認証失敗 | Y6: ・トップページにアクセスし、ログイン画面が表示される。 ・DBに登録されていないユーザーでログインし、エラーメッセージが表示される。 | BF6: C
B7: 3 | E7: ログイン機能① | L7: 受講生 ログイン 正常系 | Y7: ・トップページにアクセスし、ログイン画面が表示される。 ・初回ログイン済みの受講生ユーザーでログインし、コース詳細画面に遷移する。 | BF7: C
B8: 4 | E8: よくある質問機能 | L8: よくある質問画面への遷移 | Y8: ・トップページにアクセスし、ログイン画面が表示される。 ・初回ログイン済みの受講生ユーザーでログインし、コース詳細画面に遷移する。 ・上部メニューの「ヘルプ」リンクから、ヘルプ画面に遷移する。 ・「よくある質問」リンクから、よくある質問画面に遷移する。 | BF8: C
B9: 5 | E9: よくある質問機能 | L9: キーワード検索 正常系 | Y9: ・トップページにアクセスし、ログイン画面が表示される。 ・初回ログイン済みの受講生ユーザーでログインし、コース詳細画面に遷移する。 ・上部メニューの「ヘルプ」リンクから、ヘルプ画面に遷移する。 ・「よくある質問」リンクから、よくある質問画面に遷移する。 ・キーワード検索を行い、該当キーワードを含む検索結果だけが表示される。 ・「クリア」ボタンを押下し、入力したキーワードが消去される。 | BF9: B
B10: 6 | E10: よくある質問機能 | L10: カテゴリ検索 正常系 | Y10: ・トップページにアクセスし、ログイン画面が表示される。 ・初回ログイン済みの受講生ユーザーでログインし、コース詳細画面に遷移する。 ・上部メニューの「ヘルプ」リンクから、ヘルプ画面に遷移する。 ・「よくある質問」リンクから、よくある質問画面に遷移する。 ・カテゴリ検索を行い、該当カテゴリの検索結果だけ表示される。 ・検索結果の質問を押下し、その回答が表示される。 | BF10: B
B11: 7 | E11: レポート機能 | L11: 受講生 レポート新規登録(日報) 正常系 | Y11: ・トップページにアクセスし、ログイン画面が表示される。 ・初回ログイン済みの受講生ユーザーでログインし、コース詳細画面に遷移する。 ・「未提出」ステータスの研修日の「詳細」ボタンを押下し、セクション詳細画面に遷移する。 ・「日報を提出する」ボタンを押下し、レポート登録画面に遷移する。 ・内容を入力して「提出する」ボタンを押下し、セクション詳細画面のボタン名が更新される。 | BF11: C
B12: 8 | E12: レポート機能 | L12: 受講生 レポート修正(週報) 正常系 | Y12: ・トップページにアクセスし、ログイン画面が表示される。 ・初回ログイン済みの受講生ユーザーでログインし、コース詳細画面に遷移する。 ・「提出済」ステータスの研修日の「詳細」ボタンを押下し、セクション詳細画面に遷移する。 ・「提出済み週報を確認する」ボタンを押下し、レポート登録画面に遷移する。 ・報告内容を修正して「提出する」ボタンを押下し、セクション詳細画面に遷移する。 ・上部メニューの「ようこそ○○さん」リンクから、ユーザー詳細画面に遷移する。 ・該当レポートの「詳細」ボタンを押下し、レポート詳細画面で修正内容が反映される。 | BF12: B
B13: 9 | E13: レポート機能 | L13: 受講生 レポート登録 入力チェック | Y13: ・トップページにアクセスし、ログイン画面が表示される。 ・初回ログイン済みの受講生ユーザーでログインし、コース詳細画面に遷移する。 ・上部メニューの「ようこそ○○さん」リンクから、ユーザー詳細画面に遷移する。 ・該当レポートの「修正する」ボタンを押下し、レポート登録画面に遷移する。 ・不適切な内容で修正して「提出する」ボタンを押下し、エラー表示される。 【対象】 学習理解度：学習項目か理解度どちらかが未入力 目標の達成度：未入力チェック、数値チェック、範囲チェック(1～10) 所感：未入力チェック、桁数チェック(2000文字) 一週間の振り返り：桁数チェック(2000文字) | BF13: A
B14: 10 | E14: 勤怠登録機能 | L14: 受講生 勤怠登録 正常系 | Y14: ・トップページにアクセスし、ログイン画面が表示される。 ・初回ログイン済みの受講生ユーザーでログインし、コース詳細画面に遷移する。 ・上部メニューの「勤怠」リンクから、勤怠管理画面に遷移する。 ・「出勤」ボタンを押下し、出勤時間を登録する。 ・「退勤」ボタンを押下し、退勤時間を登録する。 | BF14: B
B15: 11 | E15: 勤怠登録機能 | L15: 受講生 勤怠直接編集 正常系 | Y15: ・トップページにアクセスし、ログイン画面が表示される。 ・初回ログイン済みの受講生ユーザーでログインし、コース詳細画面に遷移する。 ・上部メニューの「勤怠」リンクから、勤怠管理画面に遷移する。 ・「勤怠情報を直接編集する」リンクから、勤怠情報直接変更画面に遷移する。 ・すべての研修日程の勤怠情報を正しく更新し、勤怠管理画面に遷移する。 | BF15: B
B16: 12 | E16: 勤怠登録機能 | L16: 受講生 勤怠直接編集 入力チェック | Y16: ・トップページにアクセスし、ログイン画面が表示される。 ・初回ログイン済みの受講生ユーザーでログインし、コース詳細画面に遷移する。 ・上部メニューの「勤怠」リンクから、勤怠管理画面に遷移する。 ・「勤怠情報を直接編集する」リンクから、勤怠情報直接変更画面に遷移する。 ・不適切な内容で修正して「提出する」ボタンを押下し、エラー表示される。 【対象】 出勤、退勤の（時）と（分）のいずれかが空白 出勤が空白で退勤に入力あり 出勤が退勤よりも遅い時間 中抜け時間：出勤時間～退勤時間までの時間を超える 備考：桁数チェック(100文字) | BF16: B
... B21: 17 | E21: ログイン機能② | L21: 受講生 初回ログイン 正常系 | Y21: ・トップページにアクセスし、ログイン画面が表示される。 ・DBに初期登録された受講生ユーザーでログインし、利用規約画面に遷移する。 ・利用規約に同意し、パスワード変更画面に遷移する。 ・パスワード変更を行い、コース詳細画面に遷移する。 | BF21: B

Sheet ケース01
B2: {=RIGHT(CELL("filename",A1),LEN(CELL("filename",A1))-FIND("]",CELL("filename",A1)))} -> #VALUE! | F2: =ケース一覧!L5 -> ログイン画面への遷移
B4: テストNo | E4: 操作 | AB4: 期待値 | BC4: 実施日 | BH4: 確認者 | BL4: 合否
B5: 1 | E5: トップページにアクセスする | AB5: 画面に「ログイン」と表示される | BC5: 46195
B6: 2
B7: 3
B8: 4
B9: 5
B10: 6
B11: 7
B12: 8
B13: 9
B14: 10

Sheet ケース02
B2: {=RIGHT(CELL("filename",A1),LEN(CELL("filename",A1))-FIND("]",CELL("filename",A1)))} -> #VALUE! | F2: =ケース一覧!L6 -> 受講生 ログイン 認証失敗
B4: テストNo | E4: 操作 | AB4: 期待値 | BC4: 実施日 | BH4: 確認者 | BL4: 合否
B5: 1 | E5: トップページにアクセスする | AB5: 画面に「ログイン」と表示される | BC5: 46195
B6: 2 | E6: 存在しないIDとパスワードを入力しログインボタンを押す、ここではIDをtestId、パスワードをtestPasswordとした | AB6: 「* ログインに失敗しました」と表示される | BC6: 46195
B7: 3
B8: 4
B9: 5
B10: 6
B11: 7
B12: 8
B13: 9
B14: 10

Sheet ケース03
B2: {=RIGHT(CELL("filename",A1),LEN(CELL("filename",A1))-FIND("]",CELL("filename",A1)))} -> #VALUE! | F2: =ケース一覧!L7 -> 受講生 ログイン 正常系
B4: テストNo | E4: 操作 | AB4: 期待値 | BC4: 実施日 | BH4: 確認者 | BL4: 合否
B5: 1 | E5: トップページにアクセスする | AB5: 画面に「ログイン」と表示される | BC5: 46196
B6: 2 | E6: 登録済みのIDとパスワードを入力しログインボタンを押す、ここではIDをStudentAA01、パスワードをAnon0316とした | AB6: 画面の上部に「DEMOコース」と表示されたコース詳細画面に遷移する | BC6: 46196
B7: 3
B8: 4
B9: 5
B10: 6
B11: 7
B12: 8
B13: 9
B14: 10

Sheet ケース04
B2: {=RIGHT(CELL("filename",A1),LEN(CELL("filename",A1))-FIND("]",CELL("filename",A1)))} -> #VALUE! | F2: =ケース一覧!L8 -> よくある質問画面への遷移
B4: テストNo | E4: 操作 | AB4: 期待値 | BC4: 実施日 | BH4: 確認者 | BL4: 合否
B5: 1 | E5: トップページにアクセスする | AB5: 画面に「ログイン」と表示される | BC5: 46196
B6: 2 | E6: 登録済みのIDとパスワードを入力しログインボタンを押す、ここではIDをStudentAA01、パスワードをAnon0316とした | AB6: 画面の上部に「DEMOコース」と表示されたコース詳細画面に遷移する | BC6: 46196
B7: 3 | E7: ヘルプページにアクセスする | AB7: 画面上部に「ヘルプ」と書かれた画面が表示される | BC7: 46196
B8: 4 | E8: 「よくある質問」ページにアクセスする | AB8: 画面上部に「よくある質問」と書かれた画面が表示される | BC8: 46196
B9: 5
B10: 6
B11: 7
B12: 8
B13: 9
B14: 10

Sheet ケース05
B2: {=RIGHT(CELL("filename",A1),LEN(CELL("filename",A1))-FIND("]",CELL("filename",A1)))} -> #VALUE! | F2: =ケース一覧!L9 -> キーワード検索 正常系
B4: テストNo | E4: 操作 | AB4: 期待値 | BC4: 実施日 | BH4: 確認者 | BL4: 合否
B5: 1 | E5: トップページにアクセスする | AB5: 画面に「ログイン」と表示される
B6: 2 | E6: 登録済みのIDとパスワードを入力しログインボタンを押す、ここではIDをStudentAA01、パスワードをAnon0316とした | AB6: 画面の上部に「DEMOコース」と表示されたコース詳細画面に遷移する
B7: 3 | E7: ヘルプページにアクセスする | AB7: 画面上部に「ヘルプ」と書かれた画面が表示される
B8: 4 | E8: 「よくある質問」ページにアクセスする | AB8: 画面上部に「よくある質問」と書かれた画面が表示される
B9: 5 | E9: 「キーワード検索」の検索バーに文字を入力する(今回は「Q.キャンセル料・途中退校について」という質問が返ってくることを期待値とするため、「キャンセル」と入力した) | AB9: 問題なく文字を入力できる
B10: 6 | E10: 「検索」ボタンをクリック | AB10: 問題なく検索ボタンをクリックすることができて、そのうえで、画面が遷移されて正しく検索結果が返ってくる
B11: 7 | E11: 検索結果の件数を確認する | AB11: 入力された文字が含まれていない検索結果が除外されている。今回は該当するものは1つのはずなので、結果が1となる
B12: 8 | E12: 検索結果が正しいことを確認する | AB12: 「Q.キャンセル料・途中退校について」という項目が表示されている
B13: 9 | E13: クリアボタンを押す | AB13: 問題なくクリアボタンをクリックすることができる
B14: 10 | E14: テキストボックスの中身(「キャンセル」と入力されたまま)を取得し、クリアする | AB14: 「キャンセル」と入力されていることを取得し、クリアする
B15: 11 | E15: 入力欄のこの時点での値を取得し、空であることを検証する | AB15: 値が空になっている
B16: 12
B17: 13
B18: 14

Sheet ケース06
B2: {=RIGHT(CELL("filename",A1),LEN(CELL("filename",A1))-FIND("]",CELL("filename",A1)))} -> #VALUE! | F2: =ケース一覧!L10 -> カテゴリ検索 正常系
B4: テストNo | E4: 操作 | AB4: 期待値 | BC4: 実施日 | BH4: 確認者 | BL4: 合否
B5: 1 | E5: トップページにアクセスする | AB5: 画面に「ログイン」と表示される
B6: 2 | E6: 登録済みのIDとパスワードを入力しログインボタンを押す、ここではIDをStudentAA01、パスワードをAnon0316とした | AB6: 画面の上部に「DEMOコース」と表示されたコース詳細画面に遷移する
B7: 3 | E7: ヘルプページにアクセスする | AB7: 画面上部に「ヘルプ」と書かれた画面が表示される
B8: 4 | E8: 「よくある質問」ページにアクセスする | AB8: 画面上部に「よくある質問」と書かれた画面が表示される
B9: 5 | E9: 「カテゴリ検索」の中の「【研修関係】」をクリックする | AB9: 該当する項目が表示される
B10: 6 | E10: 検索結果の数(2件)が正しいことを検証する | AB10: 検索結果は２件であるため、trueで返される
B11: 7 | E11: 検索内容が正しいことを検証する。2件あるうちの1つ目は「Q.研修の申し込みはどのようにすれば良いですか？」であるため、それを検証する | AB11: 一致する
B12: 8 | E12: 質問内容の要素を特定したいが、遷移した画面に質問内容が映っていないため、見える位置(画面の半分)までスクロールする | AB12: 自動でスクロールされる
B13: 9 | E13: 要素がクリック可能になるまで待つ | AB13: 5秒ほど動作が止まる
B14: 10 | E14: 質問内容をクリック | AB14: 問題なくクリックする
B15: 11 | E15: 回答が表示されたことの確認 | AB15: 画面の遷移などは行われず、クリックした質問の直下に回答が現れる
B16: 12 | E16: 検索結果に指定した文字が含まれているか確認する。完全一致で確認することが望ましかったが、テキストが長かったため後方一致とした | AB16: 検索結果が指定した文字で終わっている

Sheet ケース07
B2: {=RIGHT(CELL("filename",A1),LEN(CELL("filename",A1))-FIND("]",CELL("filename",A1)))} -> #VALUE! | F2: =ケース一覧!L11 -> 受講生 レポート新規登録(日報) 正常系
B4: テストNo | E4: 操作 | AB4: 期待値 | BC4: 実施日 | BH4: 確認者 | BL4: 合否
B5: 1
B6: 2
B7: 3
B8: 4
B9: 5
B10: 6
B11: 7
B12: 8
B13: 9
B14: 10

Sheet ケース08
B2: {=RIGHT(CELL("filename",A1),LEN(CELL("filename",A1))-FIND("]",CELL("filename",A1)))} -> #VALUE! | F2: =ケース一覧!L12 -> 受講生 レポート修正(週報) 正常系
B4: テストNo | E4: 操作 | AB4: 期待値 | BC4: 実施日 | BH4: 確認者 | BL4: 合否
B5: 1
B6: 2
B7: 3
B8: 4
B9: 5
B10: 6
B11: 7
B12: 8
B13: 9
B14: 10

Sheet ケース09
B2: {=RIGHT(CELL("filename",A1),LEN(CELL("filename",A1))-FIND("]",CELL("filename",A1)))} -> #VALUE! | F2: =ケース一覧!L13 -> 受講生 レポート登録 入力チェック
B4: テストNo | E4: 操作 | AB4: 期待値 | BC4: 実施日 | BH4: 確認者 | BL4: 合否
B5: 1
B6: 2
B7: 3
B8: 4
B9: 5
B10: 6
B11: 7
B12: 8
B13: 9
B14: 10

Sheet ケース10
B2: {=RIGHT(CELL("filename",A1),LEN(CELL("filename",A1))-FIND("]",CELL("filename",A1)))} -> #VALUE! | F2: =ケース一覧!L14 -> 受講生 勤怠登録 正常系
B4: テストNo | E4: 操作 | AB4: 期待値 | BC4: 実施日 | BH4: 確認者 | BL4: 合否
B5: 1
B6: 2
B7: 3
B8: 4
B9: 5
B10: 6
B11: 7
B12: 8
B13: 9
B14: 10

Sheet ケース11
B2: {=RIGHT(CELL("filename",A1),LEN(CELL("filename",A1))-FIND("]",CELL("filename",A1)))} -> #VALUE! | F2: =ケース一覧!L15 -> 受講生 勤怠直接編集 正常系
B4: テストNo | E4: 操作 | AB4: 期待値 | BC4: 実施日 | BH4: 確認者 | BL4: 合否
B5: 1
B6: 2
B7: 3
B8: 4
B9: 5
B10: 6
B11: 7
B12: 8
B13: 9
B14: 10

Sheet ケース12
B2: {=RIGHT(CELL("filename",A1),LEN(CELL("filename",A1))-FIND("]",CELL("filename",A1)))} -> #VALUE! | F2: =ケース一覧!L16 -> 受講生 勤怠直接編集 入力チェック
B4: テストNo | E4: 操作 | AB4: 期待値 | BC4: 実施日 | BH4: 確認者 | BL4: 合否
B5: 1
B6: 2
B7: 3
B8: 4
B9: 5
B10: 6
B11: 7
B12: 8
B13: 9
B14: 10

Sheet ケース13
B2: {=RIGHT(CELL("filename",A1),LEN(CELL("filename",A1))-FIND("]",CELL("filename",A1)))} -> #VALUE! | F2: =ケース一覧!L17 -> 受講生 試験の実施 結果0点
B4: テストNo | E4: 操作 | AB4: 期待値 | BC4: 実施日 | BH4: 確認者 | BL4: 合否
B5: 1
B6: 2
B7: 3
B8: 4
B9: 5
B10: 6
B11: 7
B12: 8
B13: 9
B14: 10

Sheet ケース14
B2: {=RIGHT(CELL("filename",A1),LEN(CELL("filename",A1))-FIND("]",CELL("filename",A1)))} -> #VALUE! | F2: =ケース一覧!L18 -> 受講生 試験の実施 結果50点
B4: テストNo | E4: 操作 | AB4: 期待値 | BC4: 実施日 | BH4: 確認者 | BL4: 合否
B5: 1
B6: 2
B7: 3
B8: 4
B9: 5
B10: 6
B11: 7
B12: 8
B13: 9
B14: 10

Sheet ケース15
B2: {=RIGHT(CELL("filename",A1),LEN(CELL("filename",A1))-FIND("]",CELL("filename",A1)))} -> #VALUE! | F2: =ケース一覧!L19 -> 受講生 初回ログイン 利用規約に不同意
B4: テストNo | E4: 操作 | AB4: 期待値 | BC4: 実施日 | BH4: 確認者 | BL4: 合否
B5: 1
B6: 2
B7: 3
B8: 4
B9: 5
B10: 6
B11: 7
B12: 8
B13: 9
B14: 10

Sheet ケース16
B2: {=RIGHT(CELL("filename",A1),LEN(CELL("filename",A1))-FIND("]",CELL("filename",A1)))} -> #VALUE! | F2: =ケース一覧!L20 -> 受講生 初回ログイン パスワード変更 入力チェック
B4: テストNo | E4: 操作 | AB4: 期待値 | BC4: 実施日 | BH4: 確認者 | BL4: 合否
B5: 1
B6: 2
B7: 3
B8: 4
B9: 5
B10: 6
B11: 7
B12: 8
B13: 9
B14: 10

Sheet ケース17
B2: {=RIGHT(CELL("filename",A1),LEN(CELL("filename",A1))-FIND("]",CELL("filename",A1)))} -> #VALUE! | F2: =ケース一覧!L21 -> 受講生 初回ログイン 正常系
B4: テストNo | E4: 操作 | AB4: 期待値 | BC4: 実施日 | BH4: 確認者 | BL4: 合否
B5: 1
B6: 2
B7: 3
B8: 4
B9: 5
B10: 6
B11: 7
B12: 8
B13: 9
B14: 10
